[
  {
    "name": "Login 1",
    "category": "Auth",
    "displayOrder": 1,
    "new": false,
    "route": {
      "name": "auth",
      "path": "/auth"
    },
    "screenshot": {
      "light": "/assets/screenshots/login-1.png",
      "dark": "/assets/screenshots/login-1-dark.png"
    }
  },
  {
    "name": "Login 2",
    "category": "Auth",
    "displayOrder": 2,
    "new": false,
    "route": {
      "name": "auth-login-2",
      "path": "/auth/login-2"
    },
    "screenshot": {
      "light": "/assets/screenshots/login-2.png",
      "dark": "/assets/screenshots/login-2-dark.png"
    }
  },
  {
    "name": "Login 3",
    "category": "Auth",
    "displayOrder": 3,
    "new": false,
    "route": {
      "name": "auth-login-3",
      "path": "/auth/login-3"
    },
    "screenshot": {
      "light": "/assets/screenshots/login-3.png",
      "dark": "/assets/screenshots/login-3-dark.png"
    }
  },
  {
    "name": "Signup 1",
    "category": "Auth",
    "displayOrder": 4,
    "new": false,
    "route": {
      "name": "auth-signup-1",
      "path": "/auth/signup-1"
    },
    "screenshot": {
      "light": "/assets/screenshots/signup-1.png",
      "dark": "/assets/screenshots/signup-1-dark.png"
    }
  },
  {
    "name": "Signup 2",
    "category": "Auth",
    "displayOrder": 5,
    "new": false,
    "route": {
      "name": "auth-signup-2",
      "path": "/auth/signup-2"
    },
    "screenshot": {
      "light": "/assets/screenshots/signup-2.png",
      "dark": "/assets/screenshots/signup-2-dark.png"
    }
  },
  {
    "name": "Signup 3",
    "category": "Auth",
    "displayOrder": 6,
    "new": false,
    "route": {
      "name": "auth-signup-3",
      "path": "/auth/signup-3"
    },
    "screenshot": {
      "light": "/assets/screenshots/signup-3.png",
      "dark": "/assets/screenshots/signup-3-dark.png"
    }
  }
]