[
  {
    "name": "Posts 1",
    "category": "Blog",
    "displayOrder": 1,
    "new": false,
    "route": {
      "name": "blog",
      "path": "/blog"
    },
    "screenshot": {
      "light": "/assets/screenshots/posts-1.png",
      "dark": "/assets/screenshots/posts-1-dark.png"
    }
  },
  {
    "name": "Posts 2",
    "category": "Blog",
    "displayOrder": 2,
    "new": false,
    "route": {
      "name": "blog-posts-2",
      "path": "/blog/posts-2"
    },
    "screenshot": {
      "light": "/assets/screenshots/posts-2.png",
      "dark": "/assets/screenshots/posts-2-dark.png"
    }
  },
  {
    "name": "Posts 3",
    "category": "Blog",
    "displayOrder": 3,
    "new": false,
    "route": {
      "name": "blog-posts-3",
      "path": "/blog/posts-3"
    },
    "screenshot": {
      "light": "/assets/screenshots/posts-3.png",
      "dark": "/assets/screenshots/posts-3-dark.png"
    }
  },
  {
    "name": "Posts 4",
    "category": "Blog",
    "displayOrder": 4,
    "new": false,
    "route": {
      "name": "blog-posts-4",
      "path": "/blog/posts-4"
    },
    "screenshot": {
      "light": "/assets/screenshots/posts-4.png",
      "dark": "/assets/screenshots/posts-4-dark.png"
    }
  },
  {
    "name": "Posts 5",
    "category": "Blog",
    "displayOrder": 5,
    "new": false,
    "route": {
      "name": "blog-posts-5",
      "path": "/blog/posts-5"
    },
    "screenshot": {
      "light": "/assets/screenshots/posts-5.png",
      "dark": "/assets/screenshots/posts-5-dark.png"
    }
  },
  {
    "name": "Posts 6",
    "category": "Blog",
    "displayOrder": 6,
    "new": false,
    "route": {
      "name": "blog-posts-6",
      "path": "/blog/posts-6"
    },
    "screenshot": {
      "light": "/assets/screenshots/posts-6.png",
      "dark": "/assets/screenshots/posts-6-dark.png"
    }
  },
  {
    "name": "Posts 7",
    "category": "Blog",
    "displayOrder": 7,
    "new": false,
    "route": {
      "name": "blog-posts-7",
      "path": "/blog/posts-7"
    },
    "screenshot": {
      "light": "/assets/screenshots/posts-7.png",
      "dark": "/assets/screenshots/posts-7-dark.png"
    }
  },
  {
    "name": "Posts 8",
    "category": "Blog",
    "displayOrder": 8,
    "new": false,
    "route": {
      "name": "blog-posts-8",
      "path": "/blog/posts-8"
    },
    "screenshot": {
      "light": "/assets/screenshots/posts-8.png",
      "dark": "/assets/screenshots/posts-8-dark.png"
    }
  },
  {
    "name": "Posts 9",
    "category": "Blog",
    "displayOrder": 9,
    "new": false,
    "route": {
      "name": "blog-posts-9",
      "path": "/blog/posts-9"
    },
    "screenshot": {
      "light": "/assets/screenshots/posts-9.png",
      "dark": "/assets/screenshots/posts-9-dark.png"
    }
  },
  {
    "name": "Posts 10",
    "category": "Blog",
    "displayOrder": 10,
    "new": false,
    "route": {
      "name": "blog-posts-10",
      "path": "/blog/posts-10"
    },
    "screenshot": {
      "light": "/assets/screenshots/posts-10.png",
      "dark": "/assets/screenshots/posts-10-dark.png"
    }
  },
  {
    "name": "Post 1",
    "category": "Blog",
    "displayOrder": 11,
    "new": false,
    "route": {
      "name": "blog-post",
      "path": "/blog/post"
    },
    "screenshot": {
      "light": "/assets/screenshots/post-1.png",
      "dark": "/assets/screenshots/post-1-dark.png"
    }
  },
  {
    "name": "Post 2",
    "category": "Blog",
    "displayOrder": 12,
    "new": false,
    "route": {
      "name": "blog-post-2",
      "path": "/blog/post-2"
    },
    "screenshot": {
      "light": "/assets/screenshots/post-2.png",
      "dark": "/assets/screenshots/post-2-dark.png"
    }
  }
]