[
  {
    "name": "Landing 1",
    "category": "Marketing",
    "displayOrder": 1,
    "new": false,
    "route": {
      "name": "landing",
      "path": "/landing"
    },
    "screenshot": {
      "light": "/assets/screenshots/landing-1.png",
      "dark": "/assets/screenshots/landing-1-dark.png"
    }
  },
  {
    "name": "Landing 2",
    "category": "Marketing",
    "displayOrder": 2,
    "new": false,
    "route": {
      "name": "landing-landing-2",
      "path": "/landing/landing-2"
    },
    "screenshot": {
      "light": "/assets/screenshots/landing-2.png",
      "dark": "/assets/screenshots/landing-2-dark.png"
    }
  },
  {
    "name": "Landing 3",
    "category": "Startup",
    "displayOrder": 3,
    "new": false,
    "route": {
      "name": "landing-landing-3",
      "path": "/landing/landing-3"
    },
    "screenshot": {
      "light": "/assets/screenshots/landing-3.png",
      "dark": "/assets/screenshots/landing-3-dark.png"
    }
  },
  {
    "name": "Landing 4",
    "category": "Startup",
    "displayOrder": 4,
    "new": false,
    "route": {
      "name": "landing-landing-4",
      "path": "/landing/landing-4"
    },
    "screenshot": {
      "light": "/assets/screenshots/landing-4.png",
      "dark": "/assets/screenshots/landing-4-dark.png"
    }
  },
  {
    "name": "Landing 5",
    "category": "Support",
    "displayOrder": 5,
    "new": false,
    "route": {
      "name": "landing-landing-5",
      "path": "/landing/landing-5"
    },
    "screenshot": {
      "light": "/assets/screenshots/landing-5.png",
      "dark": "/assets/screenshots/landing-5-dark.png"
    }
  },
  {
    "name": "Landing 6",
    "category": "Support",
    "displayOrder": 6,
    "new": false,
    "route": {
      "name": "landing-landing-6",
      "path": "/landing/landing-6"
    },
    "screenshot": {
      "light": "/assets/screenshots/landing-6.png",
      "dark": "/assets/screenshots/landing-6-dark.png"
    }
  },
  {
    "name": "Landing 7",
    "category": "Meetings",
    "displayOrder": 7,
    "new": false,
    "route": {
      "name": "landing-landing-7",
      "path": "/landing/landing-7"
    },
    "screenshot": {
      "light": "/assets/screenshots/landing-7.png",
      "dark": "/assets/screenshots/landing-7-dark.png"
    }
  },
  {
    "name": "Landing 8",
    "category": "Meetings",
    "displayOrder": 8,
    "new": false,
    "route": {
      "name": "landing-landing-8",
      "path": "/landing/landing-8"
    },
    "screenshot": {
      "light": "/assets/screenshots/landing-8.png",
      "dark": "/assets/screenshots/landing-8-dark.png"
    }
  },
  {
    "name": "Landing 9",
    "category": "Mentoring",
    "displayOrder": 9,
    "new": false,
    "route": {
      "name": "landing-landing-9",
      "path": "/landing/landing-9"
    },
    "screenshot": {
      "light": "/assets/screenshots/landing-9.png",
      "dark": "/assets/screenshots/landing-9-dark.png"
    }
  },
  {
    "name": "Landing 10",
    "category": "Mentoring",
    "displayOrder": 10,
    "new": false,
    "route": {
      "name": "landing-landing-10",
      "path": "/landing/landing-10"
    },
    "screenshot": {
      "light": "/assets/screenshots/landing-10.png",
      "dark": "/assets/screenshots/landing-10-dark.png"
    }
  },
  {
    "name": "Landing 11",
    "category": "Banking",
    "displayOrder": 11,
    "new": false,
    "route": {
      "name": "landing-landing-11",
      "path": "/landing/landing-11"
    },
    "screenshot": {
      "light": "/assets/screenshots/landing-11.png",
      "dark": "/assets/screenshots/landing-11-dark.png"
    }
  },
  {
    "name": "Landing 12",
    "category": "Banking",
    "displayOrder": 12,
    "new": false,
    "route": {
      "name": "landing-landing-12",
      "path": "/landing/landing-12"
    },
    "screenshot": {
      "light": "/assets/screenshots/landing-12.png",
      "dark": "/assets/screenshots/landing-12-dark.png"
    }
  },
  {
    "name": "Landing 13",
    "category": "Creators",
    "displayOrder": 13,
    "new": false,
    "route": {
      "name": "landing-landing-13",
      "path": "/landing/landing-13"
    },
    "screenshot": {
      "light": "/assets/screenshots/landing-13.png",
      "dark": "/assets/screenshots/landing-13-dark.png"
    }
  },
  {
    "name": "Landing 14",
    "category": "Creators",
    "displayOrder": 14,
    "new": false,
    "route": {
      "name": "landing-landing-14",
      "path": "/landing/landing-14"
    },
    "screenshot": {
      "light": "/assets/screenshots/landing-14.png",
      "dark": "/assets/screenshots/landing-14-dark.png"
    }
  },
  {
    "name": "Landing 15",
    "category": "Creators",
    "displayOrder": 15,
    "new": false,
    "route": {
      "name": "landing-landing-15",
      "path": "/landing/landing-15"
    },
    "screenshot": {
      "light": "/assets/screenshots/landing-15.png",
      "dark": "/assets/screenshots/landing-15-dark.png"
    }
  },
  {
    "name": "Landing 16",
    "category": "Commerce",
    "displayOrder": 16,
    "new": false,
    "route": {
      "name": "landing-landing-16",
      "path": "/landing/landing-16"
    },
    "screenshot": {
      "light": "/assets/screenshots/landing-16.png",
      "dark": "/assets/screenshots/landing-16-dark.png"
    }
  },
  {
    "name": "Landing 17",
    "category": "Commerce",
    "displayOrder": 17,
    "new": false,
    "route": {
      "name": "landing-landing-17",
      "path": "/landing/landing-17"
    },
    "screenshot": {
      "light": "/assets/screenshots/landing-17.png",
      "dark": "/assets/screenshots/landing-17-dark.png"
    }
  },
  {
    "name": "Landing 18",
    "category": "Commerce",
    "displayOrder": 18,
    "new": false,
    "route": {
      "name": "landing-landing-18",
      "path": "/landing/landing-18"
    },
    "screenshot": {
      "light": "/assets/screenshots/landing-18.png",
      "dark": "/assets/screenshots/landing-18-dark.png"
    }
  },
  {
    "name": "Landing 19",
    "category": "Development",
    "displayOrder": 19,
    "new": false,
    "route": {
      "name": "landing-landing-19",
      "path": "/landing/landing-19"
    },
    "screenshot": {
      "light": "/assets/screenshots/landing-19.png",
      "dark": "/assets/screenshots/landing-19-dark.png"
    }
  },
  {
    "name": "Landing 20",
    "category": "Development",
    "displayOrder": 20,
    "new": false,
    "route": {
      "name": "landing-landing-20",
      "path": "/landing/landing-20"
    },
    "screenshot": {
      "light": "/assets/screenshots/landing-20.png",
      "dark": "/assets/screenshots/landing-20-dark.png"
    }
  },
  {
    "name": "Landing 21",
    "category": "Conference",
    "displayOrder": 21,
    "new": false,
    "route": {
      "name": "landing-landing-21",
      "path": "/landing/landing-21"
    },
    "screenshot": {
      "light": "/assets/screenshots/landing-21.png",
      "dark": "/assets/screenshots/landing-21-dark.png"
    }
  },
  {
    "name": "Landing 22",
    "category": "Conference",
    "displayOrder": 22,
    "new": false,
    "route": {
      "name": "landing-landing-22",
      "path": "/landing/landing-22"
    },
    "screenshot": {
      "light": "/assets/screenshots/landing-22.png",
      "dark": "/assets/screenshots/landing-22-dark.png"
    }
  },
  {
    "name": "Landing 23",
    "category": "IT Business",
    "displayOrder": 23,
    "new": false,
    "route": {
      "name": "landing-landing-23",
      "path": "/landing/landing-23"
    },
    "screenshot": {
      "light": "/assets/screenshots/landing-23.png",
      "dark": "/assets/screenshots/landing-23-dark.png"
    }
  },
  {
    "name": "Landing 24",
    "category": "IT Business",
    "displayOrder": 24,
    "new": false,
    "route": {
      "name": "landing-landing-24",
      "path": "/landing/landing-24"
    },
    "screenshot": {
      "light": "/assets/screenshots/landing-24.png",
      "dark": "/assets/screenshots/landing-24-dark.png"
    }
  },
  {
    "name": "Landing 25",
    "category": "IT Business",
    "displayOrder": 25,
    "new": false,
    "route": {
      "name": "landing-landing-25",
      "path": "/landing/landing-25"
    },
    "screenshot": {
      "light": "/assets/screenshots/landing-25.png",
      "dark": "/assets/screenshots/landing-25-dark.png"
    }
  },
  {
    "name": "Landing 26",
    "category": "Insurance",
    "displayOrder": 26,
    "new": false,
    "route": {
      "name": "landing-landing-26",
      "path": "/landing/landing-26"
    },
    "screenshot": {
      "light": "/assets/screenshots/landing-26.png",
      "dark": "/assets/screenshots/landing-26-dark.png"
    }
  },
  {
    "name": "Landing 27",
    "category": "Insurance",
    "displayOrder": 27,
    "new": false,
    "route": {
      "name": "landing-landing-27",
      "path": "/landing/landing-27"
    },
    "screenshot": {
      "light": "/assets/screenshots/landing-27.png",
      "dark": "/assets/screenshots/landing-27-dark.png"
    }
  },
  {
    "name": "Landing 28",
    "category": "IT Jobs",
    "displayOrder": 28,
    "new": false,
    "route": {
      "name": "landing-landing-28",
      "path": "/landing/landing-28"
    },
    "screenshot": {
      "light": "/assets/screenshots/landing-28.png",
      "dark": "/assets/screenshots/landing-28-dark.png"
    }
  },
  {
    "name": "Landing 29",
    "category": "IT Jobs",
    "displayOrder": 29,
    "new": false,
    "route": {
      "name": "landing-landing-29",
      "path": "/landing/landing-29"
    },
    "screenshot": {
      "light": "/assets/screenshots/landing-29.png",
      "dark": "/assets/screenshots/landing-29-dark.png"
    }
  },
  {
    "name": "Landing 30",
    "category": "IT Jobs",
    "displayOrder": 30,
    "new": false,
    "route": {
      "name": "landing-landing-30",
      "path": "/landing/landing-30"
    },
    "screenshot": {
      "light": "/assets/screenshots/landing-30.png",
      "dark": "/assets/screenshots/landing-30-dark.png"
    }
  },
  {
    "name": "Landing 31",
    "category": "NFT Marketplace",
    "displayOrder": 31,
    "new": false,
    "route": {
      "name": "landing-landing-31",
      "path": "/landing/landing-31"
    },
    "screenshot": {
      "light": "/assets/screenshots/landing-31.png",
      "dark": "/assets/screenshots/landing-31-dark.png"
    }
  },
  {
    "name": "Landing 32",
    "category": "NFT Marketplace",
    "displayOrder": 32,
    "new": false,
    "route": {
      "name": "landing-landing-32",
      "path": "/landing/landing-32"
    },
    "screenshot": {
      "light": "/assets/screenshots/landing-32.png",
      "dark": "/assets/screenshots/landing-32-dark.png"
    }
  },
  {
    "name": "Landing 33",
    "category": "NFT Marketplace",
    "displayOrder": 33,
    "new": false,
    "route": {
      "name": "landing-landing-33",
      "path": "/landing/landing-33"
    },
    "screenshot": {
      "light": "/assets/screenshots/landing-33.png",
      "dark": "/assets/screenshots/landing-33-dark.png"
    }
  },
  {
    "name": "Landing 34",
    "category": "Mobile App",
    "displayOrder": 34,
    "new": false,
    "route": {
      "name": "landing-landing-34",
      "path": "/landing/landing-34"
    },
    "screenshot": {
      "light": "/assets/screenshots/landing-34.png",
      "dark": "/assets/screenshots/landing-34-dark.png"
    }
  },
  {
    "name": "Landing 35",
    "category": "Mobile App",
    "displayOrder": 35,
    "new": false,
    "route": {
      "name": "landing-landing-35",
      "path": "/landing/landing-35"
    },
    "screenshot": {
      "light": "/assets/screenshots/landing-35.png",
      "dark": "/assets/screenshots/landing-35-dark.png"
    }
  },
  {
    "name": "Landing 36",
    "category": "Car Rental",
    "displayOrder": 36,
    "new": false,
    "route": {
      "name": "landing-landing-36",
      "path": "/landing/landing-36"
    },
    "screenshot": {
      "light": "/assets/screenshots/landing-36.png",
      "dark": "/assets/screenshots/landing-36-dark.png"
    }
  },
  {
    "name": "Landing 37",
    "category": "Car Rental",
    "displayOrder": 37,
    "new": false,
    "route": {
      "name": "landing-landing-37",
      "path": "/landing/landing-37"
    },
    "screenshot": {
      "light": "/assets/screenshots/landing-37.png",
      "dark": "/assets/screenshots/landing-37-dark.png"
    }
  },
  {
    "name": "Landing 38",
    "category": "Car Rental",
    "displayOrder": 38,
    "new": false,
    "route": {
      "name": "landing-landing-38",
      "path": "/landing/landing-38"
    },
    "screenshot": {
      "light": "/assets/screenshots/landing-38.png",
      "dark": "/assets/screenshots/landing-38-dark.png"
    }
  }
]